NAME,NEWSPAPER/MAGAZINE,D.O. Start Of Contact,D.O. End Of Contract,No of times ad is printed in an edition per month,No of Front/Cover Page in newspaper/magazine per month,Amount payed/month
India Today,Magazine,2/11/2022,2/11/2026,6,2,$100 
Sports Car,Magazine,1/9/2022,1/9/2025,6,2,$100 
Car Fans,Magazine,3/20/2020,3/20/2025,6,2,$100 
Time Of India,Newspaper,12/10/2022,12/10/2025,15,8,$200 
Punjab Kesari,Newspaper,5/15/2022,5/15/2026,13,8,$200 
Forbes,Magazine,5/20/2023,5/20/2027,4,1,$300
Wall Street Journal,Newspaper,8/15/2024,8/15/2028,20,5,$400
The New York Times,Newspaper,11/10/2025,11/10/2029,15,4,$350
Wired,Magazine,2/28/2026,2/28/2030,2,1,$150
