NAME ,TELEVISION/RADIO,D.O. Start Of Contract,D.O. End of Contract,Length Of Advertisement(in seconds),No of times the ad is broadcasted/day,Amount to be payed per month
Sony Entertainment Network, Television,3/3/2022,3/3/2026,45,20,"$1,250 "
Radio Mirchi,Radio,3/3/2022,3/3/2026,15,10,$325 
Star Network,Television,3/3/2022,3/3/2026,45,20,"$1,250 "
Sony Sports Network,Television,3/3/2022,3/3/2026,30,7,$437.50 
Red FM,Radio,3/3/2022,3/3/2026,20,9,$337.50 
ESPN,Television,7/10/2023,7/10/2027,30,15,"$2,000 "
BBC News,Television,9/22/2024,9/22/2028,60,10,"$1,800 "
SiriusXM,Radio,4/5/2025,4/5/2029,30,25,$500
CNN,Television,1/18/2026,1/18/2030,45,12,"$1,600 "
